id,target
11658,ptsd-and-trauma
917,depression
20354,relationship-and-family-issues
19537,depression
22925,depression
8340,anxiety
12724,anxiety
17601,depression
6733,relationship-and-family-issues
9993,anxiety
3091,relationship-and-family-issues
3308,anxiety
9002,relationship-and-family-issues
19641,anxiety
11462,suicidal-thoughts-and-self-harm
17280,depression
21355,relationship-and-family-issues
12353,relationship-and-family-issues
9191,depression
20978,depression
7235,depression
22995,ptsd-and-trauma
16525,ptsd-and-trauma
480,depression
7641,relationship-and-family-issues
14429,anxiety
16275,relationship-and-family-issues
3517,relationship-and-family-issues
13264,depression
14028,relationship-and-family-issues
11431,relationship-and-family-issues
19266,relationship-and-family-issues
12406,anxiety
18570,ptsd-and-trauma
20945,depression
7566,relationship-and-family-issues
6704,depression
17445,ptsd-and-trauma
4586,anxiety
14564,relationship-and-family-issues
24210,relationship-and-family-issues
7832,relationship-and-family-issues
16862,depression
22794,depression
17574,relationship-and-family-issues
22787,depression
15580,depression
3809,relationship-and-family-issues
1862,anxiety
21987,relationship-and-family-issues
9306,depression
6877,ptsd-and-trauma
18182,depression
20106,depression
127,anxiety
8167,depression
8969,anxiety
8853,anxiety
18842,suicidal-thoughts-and-self-harm
17308,anxiety
6361,relationship-and-family-issues
3855,ptsd-and-trauma
15296,anxiety
19612,ptsd-and-trauma
11354,anxiety
9822,relationship-and-family-issues
23010,relationship-and-family-issues
4070,depression
929,anxiety
17340,depression
8112,relationship-and-family-issues
22292,depression
3021,anxiety
20640,ptsd-and-trauma
22323,ptsd-and-trauma
15244,anxiety
14283,relationship-and-family-issues
20071,ptsd-and-trauma
23012,ptsd-and-trauma
10446,relationship-and-family-issues
22685,depression
2308,ptsd-and-trauma
2213,relationship-and-family-issues
23400,relationship-and-family-issues
12157,depression
4663,relationship-and-family-issues
22035,relationship-and-family-issues
18894,relationship-and-family-issues
18196,depression
9360,depression
19541,ptsd-and-trauma
14753,relationship-and-family-issues
14442,relationship-and-family-issues
9312,relationship-and-family-issues
10443,relationship-and-family-issues
8933,relationship-and-family-issues
23362,depression
12521,depression
8196,relationship-and-family-issues
21435,depression
2034,anxiety
6231,depression
15490,relationship-and-family-issues
24022,anxiety
2113,relationship-and-family-issues
11680,depression
15171,ptsd-and-trauma
17908,ptsd-and-trauma
16314,relationship-and-family-issues
6694,depression
16256,relationship-and-family-issues
9654,suicidal-thoughts-and-self-harm
11758,depression
667,depression
656,depression
3789,depression
6174,relationship-and-family-issues
5433,depression
11341,relationship-and-family-issues
22068,anxiety
10856,anxiety
12466,anxiety
11077,suicidal-thoughts-and-self-harm
12239,anxiety
8224,relationship-and-family-issues
16054,ptsd-and-trauma
22612,relationship-and-family-issues
3669,depression
7282,depression
9349,ptsd-and-trauma
2268,depression
2122,anxiety
21777,relationship-and-family-issues
2433,depression
18097,depression
18124,depression
5123,ptsd-and-trauma
6373,depression
11306,relationship-and-family-issues
24382,relationship-and-family-issues
8610,relationship-and-family-issues
20046,depression
4250,depression
15087,relationship-and-family-issues
6905,depression
20098,relationship-and-family-issues
11258,anxiety
17069,depression
15473,relationship-and-family-issues
15050,anxiety
16146,relationship-and-family-issues
15515,relationship-and-family-issues
19751,depression
19354,depression
6414,anxiety
13718,relationship-and-family-issues
4048,relationship-and-family-issues
16808,depression
4816,depression
21405,anxiety
9972,anxiety
18448,relationship-and-family-issues
6862,relationship-and-family-issues
8173,relationship-and-family-issues
4223,anxiety
1662,anxiety
8215,anxiety
13148,depression
8922,relationship-and-family-issues
8902,depression
14714,relationship-and-family-issues
10203,relationship-and-family-issues
9215,relationship-and-family-issues
2548,depression
24228,depression
6586,depression
10165,relationship-and-family-issues
3354,ptsd-and-trauma
18492,relationship-and-family-issues
17526,ptsd-and-trauma
15882,depression
23532,relationship-and-family-issues
18947,depression
9560,anxiety
19915,relationship-and-family-issues
17669,depression
3638,depression
13672,depression
6413,anxiety
8932,anxiety
13605,relationship-and-family-issues
22676,relationship-and-family-issues
7406,relationship-and-family-issues
1558,ptsd-and-trauma
2427,depression
24534,relationship-and-family-issues
4624,depression
18695,depression
764,depression
22886,depression
17528,ptsd-and-trauma
5275,depression
9827,depression
24272,depression
23390,ptsd-and-trauma
8725,ptsd-and-trauma
20991,depression
689,anxiety
16759,relationship-and-family-issues
21785,relationship-and-family-issues
725,relationship-and-family-issues
7810,ptsd-and-trauma
5255,relationship-and-family-issues
18627,relationship-and-family-issues
7841,depression
7544,relationship-and-family-issues
15408,anxiety
20625,relationship-and-family-issues
23971,ptsd-and-trauma
15716,depression
1810,relationship-and-family-issues
24280,relationship-and-family-issues
21608,relationship-and-family-issues
17429,relationship-and-family-issues
16735,depression
8218,relationship-and-family-issues
11351,anxiety
13392,ptsd-and-trauma
23672,depression
12835,relationship-and-family-issues
8997,relationship-and-family-issues
21500,relationship-and-family-issues
15922,relationship-and-family-issues
14632,anxiety
17853,depression
23102,depression
8527,anxiety
19748,relationship-and-family-issues
9487,relationship-and-family-issues
5133,relationship-and-family-issues
3352,relationship-and-family-issues
15730,relationship-and-family-issues
8677,depression
21016,relationship-and-family-issues
2263,relationship-and-family-issues
6312,anxiety
11213,relationship-and-family-issues
21283,depression
14436,relationship-and-family-issues
2017,depression
22534,depression
9070,relationship-and-family-issues
3804,ptsd-and-trauma
12644,depression
20004,anxiety
16787,suicidal-thoughts-and-self-harm
24072,depression
8344,relationship-and-family-issues
4971,depression
13290,anxiety
21567,anxiety
9230,anxiety
6978,anxiety
10097,ptsd-and-trauma
11727,depression
22947,ptsd-and-trauma
17311,suicidal-thoughts-and-self-harm
12286,anxiety
3743,depression
23668,depression
18591,depression
15504,anxiety
20708,depression
11366,depression
6904,relationship-and-family-issues
16611,ptsd-and-trauma
14786,anxiety
18399,depression
21417,depression
7925,relationship-and-family-issues
6715,anxiety
12790,depression
7802,depression
11951,anxiety
918,anxiety
16104,depression
16148,depression
338,relationship-and-family-issues
21001,relationship-and-family-issues
11147,relationship-and-family-issues
11148,relationship-and-family-issues
17584,relationship-and-family-issues
11930,relationship-and-family-issues
21597,relationship-and-family-issues
23309,relationship-and-family-issues
16024,relationship-and-family-issues
5009,anxiety
16255,depression
10707,anxiety
17169,depression
16361,anxiety
7766,anxiety
4503,relationship-and-family-issues
11890,depression
1383,suicidal-thoughts-and-self-harm
14524,depression
13421,anxiety
7936,depression
3305,relationship-and-family-issues
2952,relationship-and-family-issues
10932,relationship-and-family-issues
4165,anxiety
20288,depression
20719,ptsd-and-trauma
11280,depression
11416,ptsd-and-trauma
1159,anxiety
1584,ptsd-and-trauma
14186,relationship-and-family-issues
3794,relationship-and-family-issues
17712,depression
11848,ptsd-and-trauma
7978,anxiety
22817,ptsd-and-trauma
15724,depression
5742,anxiety
4304,relationship-and-family-issues
9187,ptsd-and-trauma
16687,relationship-and-family-issues
19904,anxiety
16651,depression
4683,anxiety
6972,depression
12134,depression
9943,anxiety
19049,anxiety
7809,anxiety
23517,depression
5374,ptsd-and-trauma
10746,relationship-and-family-issues
12409,anxiety
13924,relationship-and-family-issues
2269,ptsd-and-trauma
6360,anxiety
17122,depression
3182,ptsd-and-trauma
15709,ptsd-and-trauma
12,relationship-and-family-issues
2881,depression
21836,anxiety
12641,anxiety
6549,relationship-and-family-issues
2915,depression
17151,depression
11679,relationship-and-family-issues
17987,anxiety
5041,anxiety
11329,depression
23340,depression
16919,depression
11908,relationship-and-family-issues
22593,depression
4511,relationship-and-family-issues
12427,depression
2903,depression
11610,anxiety
16531,relationship-and-family-issues
8575,depression
778,relationship-and-family-issues
21038,relationship-and-family-issues
13870,relationship-and-family-issues
9026,anxiety
12023,anxiety
19760,relationship-and-family-issues
20743,anxiety
16820,anxiety
13473,anxiety
5396,relationship-and-family-issues
14480,relationship-and-family-issues
20930,ptsd-and-trauma
8647,depression
15962,anxiety
17156,ptsd-and-trauma
19447,relationship-and-family-issues
23247,depression
20971,relationship-and-family-issues
22840,depression
20348,depression
12619,relationship-and-family-issues
9600,depression
23580,ptsd-and-trauma
20795,anxiety
5383,anxiety
7000,relationship-and-family-issues
4910,anxiety
7951,ptsd-and-trauma
12563,anxiety
10338,anxiety
24086,suicidal-thoughts-and-self-harm
3074,depression
6252,relationship-and-family-issues
1105,depression
23874,relationship-and-family-issues
16044,depression
2930,depression
12697,ptsd-and-trauma
17043,ptsd-and-trauma
12748,depression
4361,relationship-and-family-issues
5952,anxiety
21126,anxiety
24058,depression
21715,anxiety
19369,depression
7152,ptsd-and-trauma
18853,suicidal-thoughts-and-self-harm
19488,depression
16951,depression
24047,anxiety
16390,depression
22288,relationship-and-family-issues
731,anxiety
20542,relationship-and-family-issues
21955,relationship-and-family-issues
22865,relationship-and-family-issues
3482,anxiety
16022,depression
20958,depression
23820,relationship-and-family-issues
4311,ptsd-and-trauma
4327,relationship-and-family-issues
23935,depression
17060,relationship-and-family-issues
17939,depression
20609,depression
22422,ptsd-and-trauma
13183,depression
15764,depression
22797,suicidal-thoughts-and-self-harm
1896,anxiety
39,relationship-and-family-issues
16543,depression
1376,anxiety
7373,anxiety
14700,relationship-and-family-issues
13228,ptsd-and-trauma
18402,anxiety
2630,relationship-and-family-issues
23042,anxiety
11453,relationship-and-family-issues
20005,relationship-and-family-issues
16173,anxiety
22067,anxiety
5668,anxiety
3850,anxiety
23893,relationship-and-family-issues
14281,ptsd-and-trauma
7724,anxiety
16171,depression
2186,ptsd-and-trauma
20346,ptsd-and-trauma
15642,anxiety
5453,ptsd-and-trauma
4242,depression
20455,relationship-and-family-issues
12449,depression
10333,relationship-and-family-issues
14387,anxiety
17787,relationship-and-family-issues
1841,ptsd-and-trauma
16369,depression
21805,relationship-and-family-issues
23536,depression
24311,anxiety
6141,depression
24312,depression
23287,depression
750,suicidal-thoughts-and-self-harm
5980,depression
14296,depression
20515,anxiety
5141,anxiety
1648,depression
20875,anxiety
22517,ptsd-and-trauma
953,anxiety
18024,ptsd-and-trauma
14282,relationship-and-family-issues
12774,relationship-and-family-issues
24448,depression
14038,relationship-and-family-issues
14929,relationship-and-family-issues
10362,relationship-and-family-issues
4203,depression
1070,depression
12117,relationship-and-family-issues
1177,relationship-and-family-issues
12616,depression
15368,depression
10199,relationship-and-family-issues
12714,depression
4174,anxiety
20451,depression
16612,depression
3432,relationship-and-family-issues
10567,relationship-and-family-issues
18306,relationship-and-family-issues
10859,relationship-and-family-issues
15651,relationship-and-family-issues
20165,anxiety
7094,relationship-and-family-issues
11152,relationship-and-family-issues
11505,relationship-and-family-issues
21891,depression
3664,relationship-and-family-issues
19249,relationship-and-family-issues
5461,depression
8911,depression
2731,anxiety
10343,relationship-and-family-issues
19017,ptsd-and-trauma
22793,depression
266,relationship-and-family-issues
14403,anxiety
2950,ptsd-and-trauma
9718,depression
976,anxiety
21002,relationship-and-family-issues
21966,anxiety
1373,relationship-and-family-issues
4489,depression
17818,depression
7378,anxiety
22680,relationship-and-family-issues
7942,depression
7174,relationship-and-family-issues
12493,relationship-and-family-issues
11546,relationship-and-family-issues
6922,relationship-and-family-issues
16405,depression
22980,anxiety
20803,depression
11265,relationship-and-family-issues
13463,relationship-and-family-issues
9139,depression
23421,depression
15151,depression
9259,ptsd-and-trauma
19648,depression
14988,relationship-and-family-issues
24236,anxiety
210,anxiety
6434,anxiety
16075,depression
688,relationship-and-family-issues
16656,relationship-and-family-issues
24252,relationship-and-family-issues
14615,depression
14274,anxiety
2698,relationship-and-family-issues
12241,depression
14977,depression
23146,relationship-and-family-issues
11009,depression
13335,relationship-and-family-issues
7729,anxiety
23736,depression
23433,relationship-and-family-issues
14633,anxiety
10175,relationship-and-family-issues
13404,ptsd-and-trauma
2509,relationship-and-family-issues
5145,depression
19343,depression
20318,relationship-and-family-issues
22251,ptsd-and-trauma
8833,depression
19054,relationship-and-family-issues
22494,relationship-and-family-issues
22795,depression
6998,depression
1378,depression
18356,depression
499,relationship-and-family-issues
6054,relationship-and-family-issues
15819,ptsd-and-trauma
12464,anxiety
23576,depression
24263,depression
13591,ptsd-and-trauma
12653,anxiety
13656,relationship-and-family-issues
24516,ptsd-and-trauma
11703,depression
9803,depression
4657,relationship-and-family-issues
14550,depression
5358,anxiety
433,relationship-and-family-issues
2682,ptsd-and-trauma
20219,depression
8154,ptsd-and-trauma
23124,depression
8371,anxiety
16821,relationship-and-family-issues
7139,relationship-and-family-issues
21920,anxiety
10842,ptsd-and-trauma
20473,anxiety
4010,relationship-and-family-issues
15011,depression
20263,relationship-and-family-issues
14081,anxiety
17323,anxiety
8532,relationship-and-family-issues
12968,relationship-and-family-issues
18208,depression
12443,relationship-and-family-issues
6915,anxiety
1717,depression
12495,depression
6335,anxiety
9692,suicidal-thoughts-and-self-harm
16889,anxiety
13063,anxiety
23556,suicidal-thoughts-and-self-harm
788,ptsd-and-trauma
17684,depression
16755,anxiety
14393,ptsd-and-trauma
14439,anxiety
13042,relationship-and-family-issues
7660,ptsd-and-trauma
17055,depression
7284,depression
2221,anxiety
15627,relationship-and-family-issues
0,depression
9593,relationship-and-family-issues
6615,relationship-and-family-issues
231,relationship-and-family-issues
21473,depression
3126,relationship-and-family-issues
6814,relationship-and-family-issues
4233,relationship-and-family-issues
318,relationship-and-family-issues
3991,depression
8013,relationship-and-family-issues
11917,depression
17704,depression
20483,relationship-and-family-issues
5703,relationship-and-family-issues
12885,anxiety
20636,anxiety
6081,depression
6657,depression
1942,ptsd-and-trauma
4569,depression
10245,relationship-and-family-issues
22895,anxiety
20443,depression
11184,depression
15037,depression
7241,anxiety
10886,depression
24098,relationship-and-family-issues
10732,depression
11440,anxiety
11409,anxiety
13458,relationship-and-family-issues
12033,depression
11054,relationship-and-family-issues
24551,relationship-and-family-issues
17668,depression
11689,relationship-and-family-issues
5739,depression
9873,anxiety
22584,suicidal-thoughts-and-self-harm
10822,relationship-and-family-issues
1814,relationship-and-family-issues
21623,depression
5517,ptsd-and-trauma
11465,relationship-and-family-issues
4955,depression
21989,depression
744,relationship-and-family-issues
4144,suicidal-thoughts-and-self-harm
11275,depression
333,relationship-and-family-issues
20459,relationship-and-family-issues
11369,relationship-and-family-issues
17392,depression
12468,relationship-and-family-issues
16675,relationship-and-family-issues
3213,anxiety
6789,anxiety
19339,depression
24075,depression
809,relationship-and-family-issues
7265,depression
20432,depression
24383,ptsd-and-trauma
20813,anxiety
17451,relationship-and-family-issues
14761,anxiety
21408,depression
13632,anxiety
23821,anxiety
9828,relationship-and-family-issues
4484,relationship-and-family-issues
21039,relationship-and-family-issues
6818,relationship-and-family-issues
20599,anxiety
7021,depression
5430,depression
9949,anxiety
16710,depression
14578,ptsd-and-trauma
15976,ptsd-and-trauma
23781,relationship-and-family-issues
14485,anxiety
16623,depression
20530,anxiety
19792,relationship-and-family-issues
3319,depression
1375,depression
21793,anxiety
7362,relationship-and-family-issues
7006,depression
9844,depression
6602,depression
1367,anxiety
16700,anxiety
6036,relationship-and-family-issues
18088,anxiety
4162,relationship-and-family-issues
21656,anxiety
7324,depression
16999,depression
16337,anxiety
22096,depression
7799,ptsd-and-trauma
14019,depression
21401,anxiety
21863,anxiety
21488,ptsd-and-trauma
10005,relationship-and-family-issues
4376,ptsd-and-trauma
4938,ptsd-and-trauma
11417,relationship-and-family-issues
19975,ptsd-and-trauma
15437,depression
10028,depression
8114,depression
1184,depression
22478,depression
2847,depression
10624,relationship-and-family-issues
23524,depression
19118,anxiety
18885,depression
18231,depression
13202,anxiety
5817,relationship-and-family-issues
3409,depression
1684,depression
141,anxiety
24259,depression
12467,anxiety
4089,depression
4217,relationship-and-family-issues
7153,relationship-and-family-issues
15856,depression
5070,relationship-and-family-issues
11788,depression
9320,relationship-and-family-issues
5635,depression
13094,anxiety
2992,depression
21112,depression
11002,depression
19248,relationship-and-family-issues
1206,relationship-and-family-issues
17966,anxiety
5858,depression
3476,anxiety
9182,relationship-and-family-issues
12348,anxiety
22863,relationship-and-family-issues
20475,relationship-and-family-issues
8279,ptsd-and-trauma
20023,depression
24502,anxiety
23395,relationship-and-family-issues
10857,anxiety
9301,depression
4358,relationship-and-family-issues
24579,relationship-and-family-issues
17763,relationship-and-family-issues
21277,anxiety
1288,depression
19781,depression
977,ptsd-and-trauma
9890,ptsd-and-trauma
6115,ptsd-and-trauma
6395,depression
10135,relationship-and-family-issues
23636,relationship-and-family-issues
9792,anxiety
6638,ptsd-and-trauma
23353,anxiety
16774,relationship-and-family-issues
9974,anxiety
23572,depression
1535,relationship-and-family-issues
14719,anxiety
9150,relationship-and-family-issues
16538,depression
2266,relationship-and-family-issues
2604,relationship-and-family-issues
20736,depression
17376,depression
22969,depression
76,depression
5855,relationship-and-family-issues
2284,relationship-and-family-issues
24226,relationship-and-family-issues
9308,relationship-and-family-issues
12248,anxiety
20648,ptsd-and-trauma
22561,depression
20135,relationship-and-family-issues
23875,depression
21613,depression
9240,depression
8499,relationship-and-family-issues
2072,depression
7081,relationship-and-family-issues
22436,ptsd-and-trauma
2488,depression
15736,relationship-and-family-issues
13618,depression
5545,anxiety
19696,depression
19593,relationship-and-family-issues
11802,depression
5096,anxiety
43,ptsd-and-trauma
22200,ptsd-and-trauma
7041,ptsd-and-trauma
1964,relationship-and-family-issues
18051,ptsd-and-trauma
6009,anxiety
1408,relationship-and-family-issues
2197,ptsd-and-trauma
16947,ptsd-and-trauma
22911,relationship-and-family-issues
9643,relationship-and-family-issues
6139,depression
12615,ptsd-and-trauma
5925,anxiety
13367,anxiety
6927,relationship-and-family-issues
921,anxiety
21009,anxiety
8252,relationship-and-family-issues
24445,ptsd-and-trauma
7696,anxiety
15284,relationship-and-family-issues
11052,relationship-and-family-issues
6427,relationship-and-family-issues
13354,depression
5678,depression
10900,depression
3041,depression
12100,anxiety
14830,relationship-and-family-issues
4181,depression
23117,anxiety
21663,anxiety
11030,relationship-and-family-issues
6150,suicidal-thoughts-and-self-harm
23534,anxiety
20080,relationship-and-family-issues
23787,anxiety
3744,ptsd-and-trauma
11428,ptsd-and-trauma
21422,relationship-and-family-issues
4641,ptsd-and-trauma
358,relationship-and-family-issues
14497,depression
4699,anxiety
7322,anxiety
18617,relationship-and-family-issues
3732,anxiety
15174,relationship-and-family-issues
13028,depression
4427,relationship-and-family-issues
4827,anxiety
7332,ptsd-and-trauma
14365,anxiety
11055,relationship-and-family-issues
16066,relationship-and-family-issues
22624,anxiety
8471,ptsd-and-trauma
8585,relationship-and-family-issues
19145,depression
15960,ptsd-and-trauma
14474,anxiety
6824,depression
15644,anxiety
13143,depression
24524,depression
13538,relationship-and-family-issues
5128,depression
2723,relationship-and-family-issues
23495,ptsd-and-trauma
22516,relationship-and-family-issues
11612,depression
3370,depression
1754,relationship-and-family-issues
19484,ptsd-and-trauma
3003,relationship-and-family-issues
7706,anxiety
6422,relationship-and-family-issues
14089,relationship-and-family-issues
9498,depression
828,relationship-and-family-issues
11456,anxiety
18588,ptsd-and-trauma
15775,depression
293,relationship-and-family-issues
18005,relationship-and-family-issues
17361,anxiety
20493,relationship-and-family-issues
24215,relationship-and-family-issues
12904,anxiety
6906,depression
1198,anxiety
8949,anxiety
2,depression
11561,anxiety
4609,depression
23931,relationship-and-family-issues
4084,anxiety
13762,relationship-and-family-issues
7478,depression
18726,suicidal-thoughts-and-self-harm
5087,anxiety
11579,relationship-and-family-issues
16544,relationship-and-family-issues
6130,anxiety
13625,anxiety
7042,depression
3770,relationship-and-family-issues
5959,depression
13558,depression
5142,relationship-and-family-issues
24416,relationship-and-family-issues
8011,depression
379,anxiety
17085,ptsd-and-trauma
17335,anxiety
4339,depression
18759,relationship-and-family-issues
10634,anxiety
11403,ptsd-and-trauma
15542,ptsd-and-trauma
2294,depression
4986,anxiety
1819,depression
18115,depression
3202,relationship-and-family-issues
5162,anxiety
4035,anxiety
23917,anxiety
7879,anxiety
17324,depression
24141,relationship-and-family-issues
15064,relationship-and-family-issues
6667,depression
14320,depression
5157,suicidal-thoughts-and-self-harm
11305,relationship-and-family-issues
14994,anxiety
22229,anxiety
6771,anxiety
22090,relationship-and-family-issues
15015,depression
17236,relationship-and-family-issues
23906,relationship-and-family-issues
16188,ptsd-and-trauma
24044,depression
5647,depression
19790,relationship-and-family-issues
2963,anxiety
5016,depression
11297,relationship-and-family-issues
20943,relationship-and-family-issues
4379,relationship-and-family-issues
9762,anxiety
10803,relationship-and-family-issues
23030,depression
6551,anxiety
13898,anxiety
7069,depression
9486,depression
13665,ptsd-and-trauma
19247,relationship-and-family-issues
20678,relationship-and-family-issues
24423,anxiety
19034,relationship-and-family-issues
18637,ptsd-and-trauma
18200,relationship-and-family-issues
19919,relationship-and-family-issues
6645,anxiety
16632,depression
1068,anxiety
1848,ptsd-and-trauma
5266,anxiety
21453,relationship-and-family-issues
17014,relationship-and-family-issues
11171,depression
16126,anxiety
18536,relationship-and-family-issues
73,depression
3834,ptsd-and-trauma
1510,anxiety
8850,relationship-and-family-issues
16042,relationship-and-family-issues
9350,anxiety
4299,relationship-and-family-issues
4430,relationship-and-family-issues
18276,suicidal-thoughts-and-self-harm
5062,depression
15734,depression
17160,anxiety
6902,relationship-and-family-issues
10712,relationship-and-family-issues
21796,relationship-and-family-issues
23021,relationship-and-family-issues
9255,relationship-and-family-issues
13911,relationship-and-family-issues
13077,anxiety
4931,ptsd-and-trauma
2303,relationship-and-family-issues
22165,depression
21589,relationship-and-family-issues
12567,ptsd-and-trauma
19046,depression
22173,anxiety
1419,suicidal-thoughts-and-self-harm
11031,depression
6077,depression
22902,depression
11903,relationship-and-family-issues
14636,depression
4145,anxiety
24060,depression
16180,depression
17094,relationship-and-family-issues
10277,anxiety
15147,ptsd-and-trauma
11627,anxiety
5665,depression
16486,depression
9166,depression
312,relationship-and-family-issues
1258,relationship-and-family-issues
13742,anxiety
10670,relationship-and-family-issues
513,suicidal-thoughts-and-self-harm
2253,depression
9823,anxiety
599,anxiety
11774,depression
19524,depression
2663,depression
2193,anxiety
16452,depression
12396,relationship-and-family-issues
21819,relationship-and-family-issues
21485,depression
4839,relationship-and-family-issues
12930,anxiety
18579,anxiety
310,anxiety
22465,depression
10798,depression
1041,relationship-and-family-issues
227,depression
23861,anxiety
14023,depression
6690,anxiety
4710,anxiety
3571,relationship-and-family-issues
23195,anxiety
10660,ptsd-and-trauma
15678,relationship-and-family-issues
8863,depression
18400,depression
10256,anxiety
3920,depression
3490,depression
6002,depression
18449,depression
761,relationship-and-family-issues
9979,anxiety
4651,depression
16049,anxiety
4234,depression
9831,relationship-and-family-issues
6402,relationship-and-family-issues
4477,relationship-and-family-issues
14269,anxiety
19957,ptsd-and-trauma
9519,anxiety
14404,relationship-and-family-issues
7067,relationship-and-family-issues
1614,depression
11231,relationship-and-family-issues
890,anxiety
6206,anxiety
24071,relationship-and-family-issues
3677,relationship-and-family-issues
9450,depression
11491,anxiety
4333,depression
14598,relationship-and-family-issues
22904,ptsd-and-trauma
8799,relationship-and-family-issues
5218,anxiety
13267,relationship-and-family-issues
19853,relationship-and-family-issues
2088,relationship-and-family-issues
2272,relationship-and-family-issues
21487,anxiety
9863,depression
3237,relationship-and-family-issues
3406,relationship-and-family-issues
5866,depression
13563,depression
14120,depression
5879,depression
894,relationship-and-family-issues
7095,anxiety
8439,relationship-and-family-issues
7639,anxiety
8142,depression
22769,depression
4273,depression
19165,depression
21725,anxiety
11947,anxiety
10478,depression
7386,depression
3329,depression
6607,relationship-and-family-issues
2946,relationship-and-family-issues
12659,depression
17447,anxiety
13519,ptsd-and-trauma
15636,depression
11706,depression
20032,anxiety
3696,suicidal-thoughts-and-self-harm
15359,ptsd-and-trauma
2138,depression
23125,relationship-and-family-issues
23647,relationship-and-family-issues
18205,depression
18467,relationship-and-family-issues
12815,depression
1493,depression
11657,relationship-and-family-issues
12182,relationship-and-family-issues
12785,depression
19460,anxiety
16977,ptsd-and-trauma
4954,anxiety
11407,ptsd-and-trauma
2955,relationship-and-family-issues
2466,anxiety
14013,ptsd-and-trauma
7409,relationship-and-family-issues
20485,relationship-and-family-issues
12413,anxiety
18846,ptsd-and-trauma
13060,relationship-and-family-issues
8330,anxiety
23480,depression
1751,depression
9601,relationship-and-family-issues
13390,depression
16023,depression
8663,depression
19351,ptsd-and-trauma
7732,depression
2224,depression
10949,anxiety
12514,anxiety
8358,relationship-and-family-issues
13464,relationship-and-family-issues
20314,relationship-and-family-issues
364,relationship-and-family-issues
14522,relationship-and-family-issues
8119,ptsd-and-trauma
16864,anxiety
4779,depression
3447,relationship-and-family-issues
11587,depression
8667,relationship-and-family-issues
20954,relationship-and-family-issues
20556,anxiety
3543,suicidal-thoughts-and-self-harm
20075,depression
13739,anxiety
21914,depression
22389,relationship-and-family-issues
16981,depression
16073,depression
3330,relationship-and-family-issues
853,depression
4219,anxiety
7624,suicidal-thoughts-and-self-harm
20744,anxiety
20149,anxiety
22996,relationship-and-family-issues
22706,relationship-and-family-issues
456,relationship-and-family-issues
12204,anxiety
3891,depression
9286,depression
4880,depression
7608,depression
9252,depression
22411,ptsd-and-trauma
3245,depression
10342,suicidal-thoughts-and-self-harm
4784,relationship-and-family-issues
4058,relationship-and-family-issues
4752,anxiety
17840,depression
9612,depression
6571,relationship-and-family-issues
14652,anxiety
13021,relationship-and-family-issues
9044,anxiety
13224,relationship-and-family-issues
24249,relationship-and-family-issues
3346,ptsd-and-trauma
15027,depression
1503,depression
8111,depression
15916,relationship-and-family-issues
16828,depression
21442,anxiety
20788,anxiety
22987,anxiety
3717,relationship-and-family-issues
17906,anxiety
24051,depression
17240,anxiety
20778,ptsd-and-trauma
20831,ptsd-and-trauma
23084,ptsd-and-trauma
17051,relationship-and-family-issues
12565,depression
14921,ptsd-and-trauma
216,anxiety
16636,anxiety
20937,depression
22005,relationship-and-family-issues
18610,anxiety
7084,relationship-and-family-issues
6179,relationship-and-family-issues
17561,anxiety
7394,relationship-and-family-issues
1165,anxiety
2993,relationship-and-family-issues
6500,ptsd-and-trauma
2473,depression
17138,depression
9092,anxiety
22518,depression
530,depression
14788,anxiety
4362,relationship-and-family-issues
4989,anxiety
2277,depression
9895,anxiety
9538,ptsd-and-trauma
11671,relationship-and-family-issues
23720,ptsd-and-trauma
17697,anxiety
1709,anxiety
13882,relationship-and-family-issues
13112,depression
12361,depression
5937,depression
11765,depression
11859,ptsd-and-trauma
6254,anxiety
5899,anxiety
17073,relationship-and-family-issues
9151,depression
22135,anxiety
11922,ptsd-and-trauma
9799,depression
20562,depression
6596,ptsd-and-trauma
2203,depression
17421,depression
12916,depression
1919,relationship-and-family-issues
9052,anxiety
18630,depression
22751,anxiety
15293,depression
10283,relationship-and-family-issues
15268,depression
18929,depression
22898,anxiety
1915,relationship-and-family-issues
22874,ptsd-and-trauma
8473,relationship-and-family-issues
3368,suicidal-thoughts-and-self-harm
22284,depression
11263,ptsd-and-trauma
22507,anxiety
13905,depression
9613,relationship-and-family-issues
16948,depression
5168,relationship-and-family-issues
6074,relationship-and-family-issues
17194,anxiety
604,depression
2521,relationship-and-family-issues
21131,relationship-and-family-issues
1628,anxiety
13491,relationship-and-family-issues
3522,ptsd-and-trauma
2276,relationship-and-family-issues
17316,relationship-and-family-issues
8139,depression
9270,anxiety
13871,depression
10791,depression
16304,depression
23685,relationship-and-family-issues
21023,ptsd-and-trauma
1482,depression
15967,depression
4087,relationship-and-family-issues
18435,depression
24025,depression
5198,relationship-and-family-issues
4510,relationship-and-family-issues
21369,depression
7635,relationship-and-family-issues
10602,depression
16838,depression
11045,relationship-and-family-issues
9098,depression
15975,depression
5094,relationship-and-family-issues
17522,relationship-and-family-issues
3636,ptsd-and-trauma
13819,depression
3554,relationship-and-family-issues
7627,relationship-and-family-issues
14086,ptsd-and-trauma
23922,relationship-and-family-issues
6741,ptsd-and-trauma
18811,anxiety
4413,anxiety
16289,depression
10278,depression
14729,ptsd-and-trauma
20441,relationship-and-family-issues
14553,ptsd-and-trauma
23731,anxiety
7285,depression
15754,ptsd-and-trauma
663,relationship-and-family-issues
18509,anxiety
22623,depression
4325,depression
20279,anxiety
20823,depression
16866,depression
4759,depression
23440,depression
2256,relationship-and-family-issues
20044,relationship-and-family-issues
6101,depression
23671,anxiety
10608,anxiety
5284,depression
19336,depression
5101,depression
3351,depression
10665,depression
4130,relationship-and-family-issues
19765,depression
24301,ptsd-and-trauma
15074,anxiety
19704,ptsd-and-trauma
12606,relationship-and-family-issues
19019,relationship-and-family-issues
2760,depression
22963,ptsd-and-trauma
23695,depression
10213,depression
13220,anxiety
16004,anxiety
16818,depression
10601,ptsd-and-trauma
16869,relationship-and-family-issues
11146,anxiety
20653,ptsd-and-trauma
10354,relationship-and-family-issues
11943,relationship-and-family-issues
2453,relationship-and-family-issues
7039,relationship-and-family-issues
14279,relationship-and-family-issues
11408,depression
6010,anxiety
13007,anxiety
776,anxiety
1990,ptsd-and-trauma
16008,ptsd-and-trauma
5463,relationship-and-family-issues
18653,ptsd-and-trauma
6763,anxiety
22023,anxiety
15353,depression
7290,ptsd-and-trauma
6164,depression
5767,relationship-and-family-issues
3591,depression
7180,relationship-and-family-issues
9407,ptsd-and-trauma
16412,relationship-and-family-issues
24010,relationship-and-family-issues
3620,depression
3310,ptsd-and-trauma
14131,depression
12333,anxiety
23845,depression
2676,anxiety
11203,anxiety
6352,relationship-and-family-issues
1050,relationship-and-family-issues
18145,ptsd-and-trauma
13411,depression
11977,relationship-and-family-issues
9181,anxiety
9039,anxiety
16950,depression
13791,relationship-and-family-issues
21791,depression
9198,relationship-and-family-issues
8814,relationship-and-family-issues
19755,ptsd-and-trauma
13693,depression
2742,relationship-and-family-issues
20684,depression
1680,depression
612,anxiety
12986,relationship-and-family-issues
4913,relationship-and-family-issues
5364,suicidal-thoughts-and-self-harm
19706,relationship-and-family-issues
7281,depression
791,anxiety
6894,depression
11477,relationship-and-family-issues
10711,relationship-and-family-issues
8453,depression
1104,depression
6839,ptsd-and-trauma
24458,relationship-and-family-issues
12498,relationship-and-family-issues
17795,depression
15085,depression
4647,relationship-and-family-issues
8329,anxiety
3533,relationship-and-family-issues
11786,relationship-and-family-issues
19898,suicidal-thoughts-and-self-harm
9281,anxiety
728,suicidal-thoughts-and-self-harm
6682,anxiety
6876,relationship-and-family-issues
2452,depression
2940,ptsd-and-trauma
18963,anxiety
5972,depression
12629,relationship-and-family-issues
10268,suicidal-thoughts-and-self-harm
16458,depression
6935,depression
642,anxiety
10008,depression
6608,relationship-and-family-issues
3331,anxiety
10447,depression
10395,ptsd-and-trauma
14724,depression
5945,ptsd-and-trauma
16457,anxiety
5753,anxiety
23103,relationship-and-family-issues
15290,depression
5578,anxiety
1802,relationship-and-family-issues
12031,relationship-and-family-issues
24607,anxiety
13124,depression
13452,ptsd-and-trauma
13236,anxiety
6699,relationship-and-family-issues
7690,depression
8720,suicidal-thoughts-and-self-harm
6001,relationship-and-family-issues
23307,depression
8314,anxiety
18269,anxiety
19608,relationship-and-family-issues
2052,relationship-and-family-issues
10801,depression
15779,depression
21883,relationship-and-family-issues
17592,anxiety
24040,depression
10003,depression
507,depression
22329,relationship-and-family-issues
10231,relationship-and-family-issues
23359,depression
16439,relationship-and-family-issues
20682,depression
868,depression
10776,relationship-and-family-issues
805,relationship-and-family-issues
9103,depression
18672,relationship-and-family-issues
19516,depression
11515,depression
21332,anxiety
13168,anxiety
5072,depression
5613,anxiety
12693,relationship-and-family-issues
4846,depression
3927,anxiety
2107,depression
5019,relationship-and-family-issues
15494,anxiety
18686,depression
8277,relationship-and-family-issues
15575,anxiety
14438,depression
1825,relationship-and-family-issues
4962,relationship-and-family-issues
1835,depression
6474,ptsd-and-trauma
8232,depression
17296,depression
16105,anxiety
19749,suicidal-thoughts-and-self-harm
15417,relationship-and-family-issues
10152,depression
23550,depression
20821,relationship-and-family-issues
19392,relationship-and-family-issues
350,relationship-and-family-issues
17794,anxiety
10938,depression
18905,relationship-and-family-issues
15548,ptsd-and-trauma
16883,suicidal-thoughts-and-self-harm
15130,relationship-and-family-issues
22635,relationship-and-family-issues
20694,suicidal-thoughts-and-self-harm
15498,depression
11385,relationship-and-family-issues
23840,ptsd-and-trauma
10849,suicidal-thoughts-and-self-harm
1517,anxiety
19865,anxiety
23157,anxiety
18234,anxiety
17029,depression
2941,anxiety
7717,depression
21854,anxiety
8122,relationship-and-family-issues
249,relationship-and-family-issues
17740,depression
20850,ptsd-and-trauma
11020,relationship-and-family-issues
7589,ptsd-and-trauma
3977,suicidal-thoughts-and-self-harm
15266,relationship-and-family-issues
21837,ptsd-and-trauma
17075,depression
19573,depression
10065,relationship-and-family-issues
18643,ptsd-and-trauma
23507,relationship-and-family-issues
8041,anxiety
19583,relationship-and-family-issues
21530,depression
22530,anxiety
12489,anxiety
18223,anxiety
15816,depression
12882,depression
9840,relationship-and-family-issues
21402,anxiety
11946,relationship-and-family-issues
12275,depression
7938,relationship-and-family-issues
21060,depression
2583,depression
21831,depression
12713,ptsd-and-trauma
23259,ptsd-and-trauma
12872,anxiety
840,depression
18835,relationship-and-family-issues
8591,depression
74,relationship-and-family-issues
1466,ptsd-and-trauma
4629,depression
24269,depression
7397,relationship-and-family-issues
2485,depression
15280,anxiety
12080,depression
5566,ptsd-and-trauma
1305,relationship-and-family-issues
14501,relationship-and-family-issues
5249,relationship-and-family-issues
23334,anxiety
10649,anxiety
3356,depression
19909,anxiety
13457,relationship-and-family-issues
21732,anxiety
9264,relationship-and-family-issues
9806,anxiety
20321,relationship-and-family-issues
18803,ptsd-and-trauma
17454,depression
5621,ptsd-and-trauma
14733,depression
6869,relationship-and-family-issues
11044,suicidal-thoughts-and-self-harm
23076,relationship-and-family-issues
13854,relationship-and-family-issues
11434,relationship-and-family-issues
10147,relationship-and-family-issues
9608,relationship-and-family-issues
1583,ptsd-and-trauma
10981,ptsd-and-trauma
8536,depression
13745,depression
19141,depression
18079,relationship-and-family-issues
23255,relationship-and-family-issues
7630,depression
4285,anxiety
9188,anxiety
11730,suicidal-thoughts-and-self-harm
2043,relationship-and-family-issues
19550,relationship-and-family-issues
16515,depression
18252,depression
1161,relationship-and-family-issues
2440,relationship-and-family-issues
14356,relationship-and-family-issues
3262,ptsd-and-trauma
13006,anxiety
22839,ptsd-and-trauma
12779,depression
23272,relationship-and-family-issues
20337,depression
15600,suicidal-thoughts-and-self-harm
4820,anxiety
16424,depression
2247,anxiety
5673,anxiety
17326,depression
8098,anxiety
24568,relationship-and-family-issues
14705,anxiety
3048,depression
5173,relationship-and-family-issues
10854,relationship-and-family-issues
9223,relationship-and-family-issues
12622,relationship-and-family-issues
21882,relationship-and-family-issues
14544,depression
4968,anxiety
2508,depression
4974,relationship-and-family-issues
10378,depression
18206,depression
14937,depression
11024,ptsd-and-trauma
23034,relationship-and-family-issues
10259,ptsd-and-trauma
3995,depression
19027,ptsd-and-trauma
16834,relationship-and-family-issues
21526,depression
22900,ptsd-and-trauma
8372,relationship-and-family-issues
4885,depression
2092,ptsd-and-trauma
15966,anxiety
11299,depression
12554,suicidal-thoughts-and-self-harm
6355,depression
19730,anxiety
15183,anxiety
17033,depression
22412,anxiety
21079,relationship-and-family-issues
1653,ptsd-and-trauma
12547,depression
19941,depression
3169,depression
16606,ptsd-and-trauma
19396,depression
13104,depression
14666,relationship-and-family-issues
18331,anxiety
4507,depression
15120,depression
20587,depression
13840,relationship-and-family-issues
1771,anxiety
18771,relationship-and-family-issues
23036,ptsd-and-trauma
21389,depression
8617,relationship-and-family-issues
13834,anxiety
14247,depression
21788,relationship-and-family-issues
12884,relationship-and-family-issues
14045,anxiety
3790,relationship-and-family-issues
20527,anxiety
5125,ptsd-and-trauma
17289,anxiety
2794,relationship-and-family-issues
14687,depression
3528,relationship-and-family-issues
5025,ptsd-and-trauma
21772,anxiety
14462,depression
23203,relationship-and-family-issues
18194,anxiety
23687,anxiety
911,anxiety
1374,relationship-and-family-issues
2163,anxiety
17954,relationship-and-family-issues
12153,relationship-and-family-issues
3625,depression
4292,anxiety
18119,ptsd-and-trauma
14864,depression
19720,anxiety
7993,relationship-and-family-issues
1190,depression
21803,relationship-and-family-issues
11535,relationship-and-family-issues
16485,anxiety
5746,anxiety
2641,anxiety
15384,relationship-and-family-issues
2402,relationship-and-family-issues
21466,anxiety
9825,depression
8036,relationship-and-family-issues
18710,depression
14188,ptsd-and-trauma
16391,depression
22875,ptsd-and-trauma
1613,depression
6006,anxiety
22220,relationship-and-family-issues
19577,relationship-and-family-issues
6308,relationship-and-family-issues
22694,ptsd-and-trauma
10508,anxiety
22962,relationship-and-family-issues
18678,relationship-and-family-issues
986,depression
10779,anxiety
4617,anxiety
20489,relationship-and-family-issues
472,relationship-and-family-issues
24166,relationship-and-family-issues
14136,depression
24450,relationship-and-family-issues
12391,ptsd-and-trauma
10315,relationship-and-family-issues
18745,relationship-and-family-issues
1084,depression
1359,ptsd-and-trauma
12363,depression
10083,depression
10449,anxiety
11032,ptsd-and-trauma
15885,relationship-and-family-issues
19126,suicidal-thoughts-and-self-harm
20983,anxiety
18883,relationship-and-family-issues
11376,depression
13600,ptsd-and-trauma
19733,anxiety
16170,relationship-and-family-issues
12781,relationship-and-family-issues
22063,relationship-and-family-issues
16598,depression
7731,ptsd-and-trauma
44,anxiety
14075,depression
22450,anxiety
16650,anxiety
2379,relationship-and-family-issues
11155,depression
18046,depression
24229,depression
7759,depression
1271,suicidal-thoughts-and-self-harm
18068,relationship-and-family-issues
21462,depression
20722,anxiety
16519,relationship-and-family-issues
7941,anxiety
22354,relationship-and-family-issues
3208,anxiety
10469,relationship-and-family-issues
21640,anxiety
1821,depression
213,depression
6162,depression
9405,depression
22281,relationship-and-family-issues
12557,ptsd-and-trauma
18373,depression
10291,anxiety
18116,depression
15378,depression
18087,depression
14336,relationship-and-family-issues
21991,depression
16321,anxiety
3332,anxiety
15875,depression
23619,relationship-and-family-issues
11897,anxiety
884,anxiety
1433,relationship-and-family-issues
13004,depression
4522,anxiety
18495,depression
19601,depression
19505,depression
20230,suicidal-thoughts-and-self-harm
15086,depression
22974,depression
11674,anxiety
14832,anxiety
5936,relationship-and-family-issues
7102,depression
18676,depression
5201,depression
12393,anxiety
723,anxiety
13156,relationship-and-family-issues
6357,anxiety
7491,relationship-and-family-issues
16218,relationship-and-family-issues
13197,relationship-and-family-issues
14906,relationship-and-family-issues
8338,anxiety
13187,depression
14087,depression
1301,relationship-and-family-issues
6577,anxiety
10853,depression
22365,depression
11186,depression
13673,depression
20087,depression
7634,relationship-and-family-issues
21816,depression
23708,anxiety
2680,suicidal-thoughts-and-self-harm
17812,depression
5185,anxiety
6078,anxiety
17727,depression
11387,anxiety
18666,relationship-and-family-issues
8484,depression
5968,depression
20665,depression
2809,relationship-and-family-issues
12344,relationship-and-family-issues
12810,relationship-and-family-issues
3907,relationship-and-family-issues
9716,anxiety
1925,relationship-and-family-issues
5293,anxiety
20027,relationship-and-family-issues
11324,depression
5598,relationship-and-family-issues
1831,ptsd-and-trauma
16570,depression
4077,anxiety
18523,depression
2805,depression
17679,depression
21804,depression
13211,anxiety
20518,relationship-and-family-issues
17830,depression
3753,depression
3889,relationship-and-family-issues
10631,depression
5794,relationship-and-family-issues
720,anxiety
21903,anxiety
21523,depression
21519,anxiety
17065,depression
13910,ptsd-and-trauma
17614,anxiety
2005,depression
17611,ptsd-and-trauma
21067,depression
11190,ptsd-and-trauma
6722,depression
21733,depression
15023,depression
6241,anxiety
23834,depression
9357,relationship-and-family-issues
11694,relationship-and-family-issues
10862,depression
2532,anxiety
17619,relationship-and-family-issues
9773,relationship-and-family-issues
1385,relationship-and-family-issues
7240,relationship-and-family-issues
13100,relationship-and-family-issues
5718,anxiety
13668,depression
20238,depression
2032,depression
17539,depression
2820,relationship-and-family-issues
9961,relationship-and-family-issues
186,depression
9734,anxiety
1303,relationship-and-family-issues
22059,ptsd-and-trauma
519,relationship-and-family-issues
23769,depression
15190,relationship-and-family-issues
20224,anxiety
7887,relationship-and-family-issues
8391,relationship-and-family-issues
9318,ptsd-and-trauma
23221,relationship-and-family-issues
5137,anxiety
20003,depression
5304,depression
3477,anxiety
19614,relationship-and-family-issues
16638,depression
3961,anxiety
19281,anxiety
13200,ptsd-and-trauma
706,depression
19775,depression
6832,relationship-and-family-issues
14905,ptsd-and-trauma
11975,depression
7493,depression
384,depression
4218,depression
5150,depression
21926,anxiety
20138,depression
12776,depression
7734,depression
13958,anxiety
5829,anxiety
13102,ptsd-and-trauma
22357,relationship-and-family-issues
12206,depression
20627,relationship-and-family-issues
10552,depression
22774,relationship-and-family-issues
9077,anxiety
9908,relationship-and-family-issues
2823,depression
13733,depression
9746,relationship-and-family-issues
3535,depression
3271,anxiety
5982,depression
10232,depression
3637,anxiety
18733,anxiety
7463,relationship-and-family-issues
4132,depression
19570,relationship-and-family-issues
22649,depression
19817,anxiety
6708,relationship-and-family-issues
8735,relationship-and-family-issues
1251,relationship-and-family-issues
24092,relationship-and-family-issues
20521,depression
10438,relationship-and-family-issues
187,anxiety
294,anxiety
22231,depression
24375,relationship-and-family-issues
18906,depression
23683,relationship-and-family-issues
1410,relationship-and-family-issues
5640,anxiety
9872,relationship-and-family-issues
2703,depression
24544,depression
20278,anxiety
22458,relationship-and-family-issues
17613,relationship-and-family-issues
8956,anxiety
24595,suicidal-thoughts-and-self-harm
22473,depression
2462,depression
11282,relationship-and-family-issues
11177,relationship-and-family-issues
13050,relationship-and-family-issues
15981,depression
4930,ptsd-and-trauma
20869,anxiety
1334,depression
3269,anxiety
8418,depression
24320,depression
15278,depression
7344,depression
10994,relationship-and-family-issues
1660,depression
2265,depression
7283,depression
15158,relationship-and-family-issues
6539,relationship-and-family-issues
9940,depression
2486,ptsd-and-trauma
18350,relationship-and-family-issues
15117,relationship-and-family-issues
24319,relationship-and-family-issues
19668,relationship-and-family-issues
24557,depression
13663,anxiety
23315,anxiety
20491,depression
3504,suicidal-thoughts-and-self-harm
5768,ptsd-and-trauma
4019,depression
610,relationship-and-family-issues
24553,depression
20047,relationship-and-family-issues
14567,depression
15751,depression
15811,ptsd-and-trauma
18365,relationship-and-family-issues
15312,depression
11586,anxiety
23955,depression
21490,anxiety
11026,depression
2765,relationship-and-family-issues
19193,depression
10212,depression
4270,depression
14001,anxiety
21312,relationship-and-family-issues
18560,anxiety
9529,anxiety
22313,relationship-and-family-issues
9452,depression
20394,relationship-and-family-issues
8998,relationship-and-family-issues
19219,relationship-and-family-issues
16196,ptsd-and-trauma
2734,suicidal-thoughts-and-self-harm
19580,relationship-and-family-issues
13300,anxiety
22212,ptsd-and-trauma
11836,relationship-and-family-issues
23145,depression
4286,relationship-and-family-issues
5924,depression
11735,relationship-and-family-issues
944,anxiety
23073,relationship-and-family-issues
806,depression
20145,relationship-and-family-issues
5693,relationship-and-family-issues
14795,anxiety
17700,relationship-and-family-issues
14243,depression
22776,relationship-and-family-issues
24124,anxiety
9512,depression
17698,depression
20808,relationship-and-family-issues
6541,depression
22108,depression
15198,relationship-and-family-issues
4977,relationship-and-family-issues
13476,depression
12974,ptsd-and-trauma
20654,anxiety
4884,depression
22437,ptsd-and-trauma
24573,ptsd-and-trauma
7588,relationship-and-family-issues
15067,depression
20229,depression
6090,anxiety
11169,ptsd-and-trauma
21281,relationship-and-family-issues
8718,depression
1120,depression
16163,relationship-and-family-issues
24461,depression
3700,anxiety
1295,relationship-and-family-issues
2996,depression
6769,depression
17666,depression
2315,relationship-and-family-issues
12132,depression
17417,anxiety
8965,anxiety
60,ptsd-and-trauma
4527,depression
3812,anxiety
4757,depression
19098,anxiety
1351,relationship-and-family-issues
19023,ptsd-and-trauma
24449,relationship-and-family-issues
21298,relationship-and-family-issues
16973,ptsd-and-trauma
6155,relationship-and-family-issues
16746,anxiety
4692,anxiety
7454,depression
8907,suicidal-thoughts-and-self-harm
14053,depression
2813,depression
23649,depression
20581,relationship-and-family-issues
18343,anxiety
8884,depression
18967,relationship-and-family-issues
4892,depression
6223,anxiety
17828,ptsd-and-trauma
11278,anxiety
11056,anxiety
20350,ptsd-and-trauma
1357,relationship-and-family-issues
363,anxiety
24317,ptsd-and-trauma
21459,anxiety
20528,relationship-and-family-issues
14517,anxiety
18546,anxiety
8909,relationship-and-family-issues
11197,relationship-and-family-issues
21360,depression
23961,depression
14508,ptsd-and-trauma
10498,relationship-and-family-issues
18023,depression
23799,depression
14872,suicidal-thoughts-and-self-harm
12700,depression
8461,relationship-and-family-issues
13802,depression
19818,anxiety
11233,relationship-and-family-issues
19075,relationship-and-family-issues
18825,depression
645,depression
9700,depression
4344,anxiety
13242,ptsd-and-trauma
13144,ptsd-and-trauma
16317,depression
14792,depression
19147,anxiety
10274,relationship-and-family-issues
377,depression
13585,suicidal-thoughts-and-self-harm
20231,anxiety
22486,anxiety
15109,relationship-and-family-issues
21368,relationship-and-family-issues
13089,depression
18047,ptsd-and-trauma
11845,depression
3143,relationship-and-family-issues
21771,relationship-and-family-issues
3096,relationship-and-family-issues
22866,anxiety
14171,ptsd-and-trauma
22131,anxiety
18054,anxiety
23805,anxiety
9860,relationship-and-family-issues
7340,anxiety
7150,anxiety
202,anxiety
23083,relationship-and-family-issues
4068,depression
4830,relationship-and-family-issues
13111,depression
12007,depression
12983,depression
13592,ptsd-and-trauma
15248,anxiety
495,ptsd-and-trauma
11234,anxiety
6680,relationship-and-family-issues
22749,depression
18228,anxiety
14789,anxiety
969,depression
20273,depression
14063,ptsd-and-trauma
1588,anxiety
20449,depression
19665,depression
3103,relationship-and-family-issues
2385,anxiety
24020,ptsd-and-trauma
7147,depression
5802,anxiety
8067,relationship-and-family-issues
13715,relationship-and-family-issues
10366,relationship-and-family-issues
12964,anxiety
20026,relationship-and-family-issues
16154,depression
21677,depression
22594,depression
12226,depression
3605,relationship-and-family-issues
2150,depression
18789,anxiety
2733,relationship-and-family-issues
12112,anxiety
21899,relationship-and-family-issues
2960,anxiety
22719,anxiety
20939,depression
5865,anxiety
6714,anxiety
22975,depression
6372,depression
20156,relationship-and-family-issues
7833,depression
17012,depression
439,relationship-and-family-issues
6749,relationship-and-family-issues
5120,ptsd-and-trauma
19388,depression
12856,depression
1212,ptsd-and-trauma
15807,relationship-and-family-issues
11363,relationship-and-family-issues
22760,relationship-and-family-issues
23415,relationship-and-family-issues
8253,anxiety
12448,relationship-and-family-issues
23331,relationship-and-family-issues
9830,depression
1256,depression
24556,depression
21665,relationship-and-family-issues
21984,relationship-and-family-issues
22503,relationship-and-family-issues
19603,anxiety
5043,ptsd-and-trauma
5983,relationship-and-family-issues
1058,relationship-and-family-issues
4439,relationship-and-family-issues
7363,suicidal-thoughts-and-self-harm
20136,anxiety
1163,suicidal-thoughts-and-self-harm
18302,anxiety
9336,relationship-and-family-issues
20923,depression
10702,relationship-and-family-issues
7973,depression
289,relationship-and-family-issues
15691,anxiety
14457,depression
6276,ptsd-and-trauma
15808,ptsd-and-trauma
13511,relationship-and-family-issues
10877,depression
21578,relationship-and-family-issues
17568,relationship-and-family-issues
10595,anxiety
3737,depression
22954,ptsd-and-trauma
2687,suicidal-thoughts-and-self-harm
20841,depression
13259,depression
1685,relationship-and-family-issues
247,relationship-and-family-issues
18189,anxiety
16792,depression
23774,relationship-and-family-issues
10207,depression
14417,anxiety
20125,depression
16568,depression
20732,relationship-and-family-issues
17783,depression
9069,suicidal-thoughts-and-self-harm
19210,ptsd-and-trauma
8289,depression
11207,relationship-and-family-issues
11094,relationship-and-family-issues
861,relationship-and-family-issues
9956,depression
14239,ptsd-and-trauma
18154,relationship-and-family-issues
15462,relationship-and-family-issues
20285,depression
22548,relationship-and-family-issues
22723,relationship-and-family-issues
5172,relationship-and-family-issues
11261,relationship-and-family-issues
4336,anxiety
2211,depression
8830,anxiety
20757,relationship-and-family-issues
12890,anxiety
15744,depression
20039,anxiety
2594,anxiety
2112,ptsd-and-trauma
23277,relationship-and-family-issues
1013,ptsd-and-trauma
5701,depression
16473,depression
7892,depression
19729,anxiety
17229,relationship-and-family-issues
5064,anxiety
10468,depression
13577,depression
3888,relationship-and-family-issues
12994,relationship-and-family-issues
18220,depression
623,suicidal-thoughts-and-self-harm
7178,relationship-and-family-issues
2106,anxiety
17332,relationship-and-family-issues
2878,depression
23007,relationship-and-family-issues
11067,anxiety
5410,ptsd-and-trauma
4851,anxiety
8203,depression
20261,relationship-and-family-issues
15509,relationship-and-family-issues
11886,ptsd-and-trauma
17726,ptsd-and-trauma
16605,depression
14899,depression
9946,ptsd-and-trauma
3487,relationship-and-family-issues
19808,anxiety
21743,ptsd-and-trauma
3216,anxiety
823,relationship-and-family-issues
9787,ptsd-and-trauma
20773,anxiety
7953,anxiety
22948,suicidal-thoughts-and-self-harm
8917,relationship-and-family-issues
21515,relationship-and-family-issues
1483,anxiety
20783,anxiety
18337,depression
23839,depression
20804,relationship-and-family-issues
4457,anxiety
23013,suicidal-thoughts-and-self-harm
18316,relationship-and-family-issues
8135,ptsd-and-trauma
6514,relationship-and-family-issues
19529,anxiety
2609,relationship-and-family-issues
4154,anxiety
399,anxiety
4751,relationship-and-family-issues
1851,depression
8233,relationship-and-family-issues
3644,depression
17798,depression
7772,anxiety
8726,anxiety
15731,relationship-and-family-issues
20507,depression
16574,relationship-and-family-issues
11766,relationship-and-family-issues
20470,depression
7908,relationship-and-family-issues
4855,relationship-and-family-issues
8458,relationship-and-family-issues
24542,anxiety
24297,relationship-and-family-issues
1679,relationship-and-family-issues
16340,relationship-and-family-issues
24257,ptsd-and-trauma
13844,relationship-and-family-issues
8479,relationship-and-family-issues
8743,ptsd-and-trauma
24592,ptsd-and-trauma
13675,depression
2964,relationship-and-family-issues
5369,anxiety
2384,depression
17889,relationship-and-family-issues
17504,depression
18605,relationship-and-family-issues
15395,relationship-and-family-issues
4465,anxiety
8620,depression
1250,depression
10993,relationship-and-family-issues
21030,relationship-and-family-issues
17081,ptsd-and-trauma
1491,depression
2356,relationship-and-family-issues
11367,depression
3513,anxiety
17046,relationship-and-family-issues
8940,depression
10178,relationship-and-family-issues
16639,depression
11722,depression
14194,depression
10015,anxiety
12531,anxiety
22824,depression
325,anxiety
15457,ptsd-and-trauma
15930,relationship-and-family-issues
7885,ptsd-and-trauma
22660,relationship-and-family-issues
7730,anxiety
4224,depression
11582,relationship-and-family-issues
3093,depression
13118,relationship-and-family-issues
6040,ptsd-and-trauma
10101,relationship-and-family-issues
24027,ptsd-and-trauma
12459,depression
14800,depression
17163,depression
20724,depression
4863,relationship-and-family-issues
7068,relationship-and-family-issues
22360,relationship-and-family-issues
17892,anxiety
8147,relationship-and-family-issues
13628,relationship-and-family-issues
11877,depression
19732,relationship-and-family-issues
8237,relationship-and-family-issues
6154,depression
7744,relationship-and-family-issues
18148,depression
22051,ptsd-and-trauma
9323,relationship-and-family-issues
6993,relationship-and-family-issues
9994,relationship-and-family-issues
5747,depression
941,relationship-and-family-issues
22737,depression
4167,depression
2155,depression
1485,depression
10910,relationship-and-family-issues
7053,depression
4197,relationship-and-family-issues
16989,depression
24046,relationship-and-family-issues
14854,relationship-and-family-issues
23759,relationship-and-family-issues
4313,relationship-and-family-issues
21958,relationship-and-family-issues
22438,depression
20639,suicidal-thoughts-and-self-harm
7020,relationship-and-family-issues
23704,anxiety
9832,ptsd-and-trauma
11405,suicidal-thoughts-and-self-harm
1111,anxiety
22761,relationship-and-family-issues
10682,depression
21426,relationship-and-family-issues
9605,ptsd-and-trauma
2164,relationship-and-family-issues
18226,suicidal-thoughts-and-self-harm
11690,anxiety
7296,relationship-and-family-issues
11661,ptsd-and-trauma
13935,anxiety
24505,anxiety
10697,depression
15640,depression
23801,depression
7535,anxiety
14759,relationship-and-family-issues
6128,relationship-and-family-issues
1792,relationship-and-family-issues
9817,relationship-and-family-issues
3859,relationship-and-family-issues
17374,ptsd-and-trauma
13776,depression
5500,relationship-and-family-issues
18322,relationship-and-family-issues
15888,anxiety
831,ptsd-and-trauma
1921,depression
8556,anxiety
18830,depression
2159,depression
17346,anxiety
23465,depression
5000,depression
20635,anxiety
19883,depression
21025,anxiety
6243,ptsd-and-trauma
973,relationship-and-family-issues
1456,anxiety
424,depression
5917,relationship-and-family-issues
15407,relationship-and-family-issues
8182,relationship-and-family-issues
16680,relationship-and-family-issues
8786,depression
17188,relationship-and-family-issues
8724,relationship-and-family-issues
24597,depression
20332,depression
6545,relationship-and-family-issues
20674,relationship-and-family-issues
13804,depression
11850,relationship-and-family-issues
8950,relationship-and-family-issues
20720,depression
22429,anxiety
8103,relationship-and-family-issues
19373,ptsd-and-trauma
8412,depression
2826,depression
10110,anxiety
19591,anxiety
22453,anxiety
14783,anxiety
8162,depression
16524,relationship-and-family-issues
21977,relationship-and-family-issues
47,ptsd-and-trauma
20701,relationship-and-family-issues
19341,anxiety
9040,anxiety
10382,depression
13133,ptsd-and-trauma
5063,depression
22142,anxiety
5491,ptsd-and-trauma
15459,relationship-and-family-issues
23552,anxiety
7933,anxiety
20816,depression
24462,relationship-and-family-issues
13701,suicidal-thoughts-and-self-harm
3905,depression
1692,depression
21382,anxiety
6033,depression
23398,relationship-and-family-issues
16462,ptsd-and-trauma
15777,ptsd-and-trauma
3815,depression
23077,depression
3362,relationship-and-family-issues
17377,depression
15570,relationship-and-family-issues
20853,depression
4589,anxiety
8254,ptsd-and-trauma
11487,relationship-and-family-issues
13136,relationship-and-family-issues
7259,relationship-and-family-issues
22276,anxiety
15931,suicidal-thoughts-and-self-harm
17158,ptsd-and-trauma
21272,suicidal-thoughts-and-self-harm
1203,anxiety
510,ptsd-and-trauma
14924,ptsd-and-trauma
18855,anxiety
9314,anxiety
21284,ptsd-and-trauma
12154,relationship-and-family-issues
14668,relationship-and-family-issues
10757,depression
1753,anxiety
9786,relationship-and-family-issues
2679,relationship-and-family-issues
3870,suicidal-thoughts-and-self-harm
17759,depression
24283,anxiety
102,relationship-and-family-issues
77,relationship-and-family-issues
2090,depression
4945,ptsd-and-trauma
6531,depression
1487,depression
5158,relationship-and-family-issues
11179,depression
2577,relationship-and-family-issues
16972,anxiety
4229,depression
11573,anxiety
12355,relationship-and-family-issues
11530,ptsd-and-trauma
16998,depression
9941,relationship-and-family-issues
5751,depression
4394,relationship-and-family-issues
1218,relationship-and-family-issues
8630,relationship-and-family-issues
19240,anxiety
3686,anxiety
15890,ptsd-and-trauma
5211,relationship-and-family-issues
15614,relationship-and-family-issues
19292,relationship-and-family-issues
17491,anxiety
16627,anxiety
20301,anxiety
1176,depression
16253,depression
17275,depression
1240,relationship-and-family-issues
13053,relationship-and-family-issues
5340,depression
5529,depression
5291,relationship-and-family-issues
22644,relationship-and-family-issues
1141,relationship-and-family-issues
2741,anxiety
9134,depression
11810,ptsd-and-trauma
24571,depression
16481,relationship-and-family-issues
21902,relationship-and-family-issues
22111,depression
22398,anxiety
1838,anxiety
1356,anxiety
23386,relationship-and-family-issues
8236,relationship-and-family-issues
19994,ptsd-and-trauma
11517,relationship-and-family-issues
21095,relationship-and-family-issues
24093,depression
22893,depression
6774,depression
10819,anxiety
7424,anxiety
583,anxiety
17590,anxiety
17973,depression
20433,relationship-and-family-issues
24195,anxiety
21967,relationship-and-family-issues
20486,anxiety
17916,suicidal-thoughts-and-self-harm
7395,depression
7447,depression
20124,relationship-and-family-issues
1904,relationship-and-family-issues
21892,depression
22867,anxiety
17449,depression
3537,relationship-and-family-issues
22218,depression
19681,relationship-and-family-issues
6966,depression
15243,depression
7086,depression
14179,relationship-and-family-issues
11392,depression
22262,anxiety
16800,anxiety
2645,relationship-and-family-issues
18626,relationship-and-family-issues
15458,anxiety
3129,anxiety
16000,suicidal-thoughts-and-self-harm
21335,anxiety
16550,anxiety
23289,anxiety
4610,relationship-and-family-issues
14889,anxiety
12672,anxiety
6423,ptsd-and-trauma
8985,depression
5734,depression
3798,relationship-and-family-issues
6756,depression
4420,anxiety
6225,anxiety
21653,relationship-and-family-issues
8000,depression
3992,anxiety
12524,anxiety
7547,relationship-and-family-issues
9721,anxiety
17953,relationship-and-family-issues
13971,anxiety
4785,relationship-and-family-issues
18940,relationship-and-family-issues
20498,depression
10627,ptsd-and-trauma
21968,relationship-and-family-issues
20891,suicidal-thoughts-and-self-harm
15757,relationship-and-family-issues
14159,depression
19111,depression
1799,relationship-and-family-issues
10394,ptsd-and-trauma
14812,depression
13152,depression
19413,ptsd-and-trauma
7190,anxiety
24581,relationship-and-family-issues
8807,anxiety
5906,relationship-and-family-issues
14680,depression
4024,anxiety
70,relationship-and-family-issues
16854,relationship-and-family-issues
14215,relationship-and-family-issues
6358,anxiety
14227,depression
24146,depression
15905,depression
4736,relationship-and-family-issues
14613,anxiety
10223,anxiety
10929,ptsd-and-trauma
18033,relationship-and-family-issues
8165,ptsd-and-trauma
23533,anxiety
13232,relationship-and-family-issues
1306,depression
8818,anxiety
22286,relationship-and-family-issues
8161,relationship-and-family-issues
11131,relationship-and-family-issues
6409,ptsd-and-trauma
4245,anxiety
16923,relationship-and-family-issues
18134,anxiety
18527,relationship-and-family-issues
10167,anxiety
18120,depression
21546,depression
10906,depression
19955,anxiety
220,depression
13179,anxiety
3521,anxiety
10319,anxiety
20057,relationship-and-family-issues
1004,relationship-and-family-issues
4964,depression
22242,depression
24268,depression
4179,depression
704,depression
6444,relationship-and-family-issues
6757,depression
11451,anxiety
15195,ptsd-and-trauma
12836,ptsd-and-trauma
15469,relationship-and-family-issues
7063,anxiety
12314,anxiety
7050,relationship-and-family-issues
1335,anxiety
15208,depression
6112,relationship-and-family-issues
4414,relationship-and-family-issues
2083,ptsd-and-trauma
12812,depression
23312,relationship-and-family-issues
245,ptsd-and-trauma
2513,depression
449,relationship-and-family-issues
15301,depression
20533,ptsd-and-trauma
16540,anxiety
20637,anxiety
21971,relationship-and-family-issues
10549,anxiety
20588,anxiety
8292,depression
16709,suicidal-thoughts-and-self-harm
7320,relationship-and-family-issues
17535,depression
9849,depression
6345,depression
6420,anxiety
13365,depression
8034,relationship-and-family-issues
19007,anxiety
13842,anxiety
13471,anxiety
20770,relationship-and-family-issues
574,anxiety
6156,anxiety
11237,depression
6012,relationship-and-family-issues
14098,depression
14881,relationship-and-family-issues
19678,relationship-and-family-issues
9970,depression
16200,anxiety
19651,relationship-and-family-issues
8091,anxiety
2497,relationship-and-family-issues
1196,relationship-and-family-issues
10361,depression
4118,depression
12830,relationship-and-family-issues
19715,anxiety
19268,anxiety
6466,depression
9948,ptsd-and-trauma
4659,depression
17570,anxiety
23767,ptsd-and-trauma
3270,ptsd-and-trauma
6698,anxiety
9710,anxiety
19136,anxiety
11828,anxiety
14137,depression
4184,relationship-and-family-issues
13386,relationship-and-family-issues
13034,relationship-and-family-issues
14347,relationship-and-family-issues
18538,anxiety
22414,depression
10734,relationship-and-family-issues
15051,anxiety
9369,ptsd-and-trauma
7381,depression
18916,ptsd-and-trauma
7563,depression
8899,relationship-and-family-issues
14304,relationship-and-family-issues
3472,ptsd-and-trauma
7022,anxiety
6834,relationship-and-family-issues
13119,depression
484,ptsd-and-trauma
7665,depression
10700,anxiety
19278,ptsd-and-trauma
17796,depression
23313,depression
4506,depression
9526,relationship-and-family-issues
21870,relationship-and-family-issues
7584,relationship-and-family-issues
2359,depression
19820,anxiety
20696,relationship-and-family-issues
17642,anxiety
10271,depression
19647,suicidal-thoughts-and-self-harm
1742,depression
12366,depression
8849,relationship-and-family-issues
3658,anxiety
16720,depression
5155,relationship-and-family-issues
6180,depression
21888,relationship-and-family-issues
19996,relationship-and-family-issues
7421,ptsd-and-trauma
1729,depression
6686,relationship-and-family-issues
930,relationship-and-family-issues
21973,relationship-and-family-issues
8008,depression
21998,relationship-and-family-issues
4921,relationship-and-family-issues
23567,depression
9752,depression
6864,anxiety
20016,relationship-and-family-issues
23063,relationship-and-family-issues
11187,depression
9756,ptsd-and-trauma
1372,relationship-and-family-issues
17997,relationship-and-family-issues
18265,relationship-and-family-issues
23929,relationship-and-family-issues
4538,relationship-and-family-issues
6950,depression
11461,relationship-and-family-issues
4378,anxiety
15016,anxiety
13198,depression
17492,anxiety
17448,relationship-and-family-issues
19588,depression
3206,anxiety
2866,relationship-and-family-issues
3293,anxiety
21730,depression
5783,depression
23497,relationship-and-family-issues
4265,depression
18787,anxiety
12041,depression
3676,relationship-and-family-issues
16417,anxiety
3628,depression
2764,depression
20367,relationship-and-family-issues
14251,ptsd-and-trauma
18819,depression
14764,anxiety
9317,relationship-and-family-issues
9192,anxiety
5596,depression
11486,depression
8301,relationship-and-family-issues
21957,relationship-and-family-issues
12416,relationship-and-family-issues
15184,relationship-and-family-issues
18521,relationship-and-family-issues
19719,depression
2258,relationship-and-family-issues
4267,depression
12148,depression
417,ptsd-and-trauma
7654,ptsd-and-trauma
16033,ptsd-and-trauma
5343,depression
22279,relationship-and-family-issues
6490,relationship-and-family-issues
23459,depression
21289,depression
7599,relationship-and-family-issues
10021,suicidal-thoughts-and-self-harm
5178,depression
22369,relationship-and-family-issues
7441,relationship-and-family-issues
12429,depression
4095,suicidal-thoughts-and-self-harm
23039,relationship-and-family-issues
22856,anxiety
4832,depression
24474,anxiety
11076,relationship-and-family-issues
4831,ptsd-and-trauma
21167,depression
4721,relationship-and-family-issues
12664,anxiety
17831,ptsd-and-trauma
22979,anxiety
937,anxiety
11924,depression
4294,anxiety
19103,relationship-and-family-issues
525,anxiety
9113,relationship-and-family-issues
18352,anxiety
7482,depression
3000,depression
23748,anxiety
7234,anxiety
14806,relationship-and-family-issues
23297,relationship-and-family-issues
11021,relationship-and-family-issues
2124,relationship-and-family-issues
6557,ptsd-and-trauma
19259,depression
9672,depression
11551,relationship-and-family-issues
18624,ptsd-and-trauma
2082,ptsd-and-trauma
1647,depression
6723,relationship-and-family-issues
10616,depression
18949,depression
24437,relationship-and-family-issues
22792,relationship-and-family-issues
3328,depression
14980,anxiety
9889,relationship-and-family-issues
17130,relationship-and-family-issues
19899,relationship-and-family-issues
12076,ptsd-and-trauma
9425,anxiety
19290,relationship-and-family-issues
14542,depression
6932,relationship-and-family-issues
5818,relationship-and-family-issues
14920,relationship-and-family-issues
14416,relationship-and-family-issues
6954,anxiety
606,depression
3146,relationship-and-family-issues
23549,anxiety
10457,relationship-and-family-issues
7821,relationship-and-family-issues
24218,relationship-and-family-issues
16842,relationship-and-family-issues
3178,depression
13433,anxiety
12223,relationship-and-family-issues
23792,depression
13160,depression
24371,relationship-and-family-issues
17342,depression
14459,anxiety
24518,anxiety
11040,anxiety
6104,depression
8333,ptsd-and-trauma
10299,relationship-and-family-issues
18035,relationship-and-family-issues
782,depression
7501,relationship-and-family-issues
2187,relationship-and-family-issues
13085,ptsd-and-trauma
21407,relationship-and-family-issues
13648,anxiety
24066,relationship-and-family-issues
10927,relationship-and-family-issues
7854,anxiety
18642,anxiety
2928,anxiety
10164,anxiety
8544,relationship-and-family-issues
16760,ptsd-and-trauma
450,anxiety
7490,anxiety
3431,depression
24588,relationship-and-family-issues
9945,ptsd-and-trauma
7143,ptsd-and-trauma
622,depression
17264,anxiety
22199,anxiety
11901,ptsd-and-trauma
4043,anxiety
9389,anxiety
23147,relationship-and-family-issues
2500,depression
4436,relationship-and-family-issues
3516,relationship-and-family-issues
36,depression
13483,depression
19860,anxiety
1127,relationship-and-family-issues
17641,ptsd-and-trauma
12928,relationship-and-family-issues
22921,depression
22432,relationship-and-family-issues
7537,anxiety
15361,relationship-and-family-issues
8293,depression
14874,ptsd-and-trauma
17020,depression
20561,relationship-and-family-issues
15989,relationship-and-family-issues
17475,anxiety
13772,depression
13820,anxiety
7217,ptsd-and-trauma
2279,anxiety
17634,depression
12141,depression
1983,depression
13434,depression
7494,relationship-and-family-issues
15590,anxiety
23134,anxiety
12721,relationship-and-family-issues
8683,relationship-and-family-issues
9106,anxiety
2694,anxiety
7070,relationship-and-family-issues
13364,anxiety
22633,relationship-and-family-issues
9319,depression
14077,depression
5632,relationship-and-family-issues
2899,relationship-and-family-issues
8405,relationship-and-family-issues
1716,relationship-and-family-issues
14338,relationship-and-family-issues
19564,anxiety
7519,depression
7083,depression
18441,ptsd-and-trauma
15568,anxiety
854,relationship-and-family-issues
21496,depression
15425,relationship-and-family-issues
8994,depression
13916,relationship-and-family-issues
19253,anxiety
1612,anxiety
6838,depression
19974,ptsd-and-trauma
24140,relationship-and-family-issues
24048,depression
10669,relationship-and-family-issues
9897,anxiety
11368,depression
1542,relationship-and-family-issues
5295,depression
12819,anxiety
1957,anxiety
3301,relationship-and-family-issues
13642,anxiety
18201,anxiety
22899,relationship-and-family-issues
2300,depression
2403,relationship-and-family-issues
19741,depression
3027,relationship-and-family-issues
660,relationship-and-family-issues
10721,relationship-and-family-issues
7116,depression
19841,anxiety
803,relationship-and-family-issues
3047,anxiety
9140,depression
22347,anxiety
15794,depression
18944,anxiety
8959,anxiety
7996,depression
21812,depression
907,relationship-and-family-issues
11286,relationship-and-family-issues
1876,depression
21220,relationship-and-family-issues
9447,depression
16819,anxiety
22831,depression
9461,relationship-and-family-issues
18593,anxiety
3361,depression
18698,depression
16751,depression
20147,relationship-and-family-issues
12704,depression
1380,anxiety
22114,depression
7124,depression
2923,anxiety
5779,anxiety
6287,relationship-and-family-issues
1128,anxiety
16234,anxiety
1511,anxiety
8668,anxiety
3837,anxiety
11797,depression
9732,relationship-and-family-issues
16549,depression
1349,depression
2638,relationship-and-family-issues
12193,depression
3979,anxiety
13171,depression
17733,depression
21132,relationship-and-family-issues
11330,anxiety
23626,depression
19274,relationship-and-family-issues
10103,ptsd-and-trauma
2725,relationship-and-family-issues
17843,relationship-and-family-issues
16647,ptsd-and-trauma
23455,anxiety
2506,depression
9345,depression
3775,depression
4390,anxiety
12280,depression
3793,anxiety
1718,relationship-and-family-issues
9755,depression
10383,relationship-and-family-issues
8076,anxiety
1580,relationship-and-family-issues
12331,depression
4509,relationship-and-family-issues
23399,ptsd-and-trauma
14315,anxiety
6344,depression
19939,relationship-and-family-issues
9783,anxiety
13052,relationship-and-family-issues
12598,anxiety
15693,anxiety
22315,relationship-and-family-issues
10988,depression
8746,depression
18749,relationship-and-family-issues
2232,anxiety
7583,depression
2192,anxiety
22449,ptsd-and-trauma
6497,ptsd-and-trauma
3085,suicidal-thoughts-and-self-harm
8744,depression
5961,relationship-and-family-issues
1743,depression
13447,depression
12533,relationship-and-family-issues
14732,anxiety
6455,relationship-and-family-issues
8676,relationship-and-family-issues
22187,relationship-and-family-issues
20914,relationship-and-family-issues
7319,depression
16078,relationship-and-family-issues
4803,depression
10971,relationship-and-family-issues
22554,depression
13261,anxiety
3806,anxiety
532,anxiety
17547,depression
4664,ptsd-and-trauma
20022,relationship-and-family-issues
9763,anxiety
13415,depression
175,relationship-and-family-issues
8548,depression
15569,relationship-and-family-issues
6171,anxiety
22101,anxiety
20214,depression
15197,relationship-and-family-issues
8954,depression
9197,anxiety
15756,relationship-and-family-issues
21533,anxiety
19218,relationship-and-family-issues
9668,anxiety
4591,depression
15201,anxiety
2601,relationship-and-family-issues
9395,ptsd-and-trauma
2285,ptsd-and-trauma
19969,depression
14291,relationship-and-family-issues
14402,depression
21503,depression
12345,anxiety
3608,relationship-and-family-issues
7769,anxiety
11415,relationship-and-family-issues
8606,relationship-and-family-issues
8374,relationship-and-family-issues
11799,suicidal-thoughts-and-self-harm
7865,relationship-and-family-issues
2656,anxiety
164,relationship-and-family-issues
13174,depression
2357,depression
24214,depression
8534,suicidal-thoughts-and-self-harm
15262,depression
23643,depression
7615,relationship-and-family-issues
20040,relationship-and-family-issues
6307,ptsd-and-trauma
6534,depression
20413,relationship-and-family-issues
18453,anxiety
4570,depression
15859,ptsd-and-trauma
661,relationship-and-family-issues
8615,anxiety
17132,anxiety
14448,relationship-and-family-issues
3935,depression
24143,relationship-and-family-issues
13502,anxiety
17715,anxiety
23055,relationship-and-family-issues
15529,anxiety
22819,depression
3014,depression
12183,relationship-and-family-issues
5784,ptsd-and-trauma
12431,relationship-and-family-issues
13345,depression
11093,depression
23041,relationship-and-family-issues
22579,depression
13316,anxiety
21893,anxiety
16060,relationship-and-family-issues
13470,relationship-and-family-issues
11746,relationship-and-family-issues
17693,depression
23995,anxiety
9503,depression
12047,relationship-and-family-issues
144,anxiety
9189,depression
5581,depression
19041,depression
13654,ptsd-and-trauma
10121,depression
12953,relationship-and-family-issues
61,ptsd-and-trauma
9385,ptsd-and-trauma
2557,anxiety
20606,anxiety
10436,ptsd-and-trauma
15864,depression
16539,relationship-and-family-issues
18292,depression
2534,depression
15406,relationship-and-family-issues
23862,depression
8646,relationship-and-family-issues
7419,anxiety
24114,anxiety
15585,anxiety
15871,relationship-and-family-issues
1400,relationship-and-family-issues
21808,anxiety
10709,depression
1589,anxiety
9968,anxiety
13279,relationship-and-family-issues
11891,relationship-and-family-issues
17322,relationship-and-family-issues
7743,ptsd-and-trauma
13683,anxiety
19254,depression
18004,anxiety
2615,depression
15953,depression
955,depression
1156,relationship-and-family-issues
12562,relationship-and-family-issues
7946,depression
6244,depression
7087,ptsd-and-trauma
7273,anxiety
21849,ptsd-and-trauma
4031,anxiety
9434,ptsd-and-trauma
22011,anxiety
13679,relationship-and-family-issues
22853,relationship-and-family-issues
15527,depression
19887,relationship-and-family-issues
3148,relationship-and-family-issues
20306,ptsd-and-trauma
22745,depression
12067,ptsd-and-trauma
11481,depression
11751,relationship-and-family-issues
18472,depression
6425,anxiety
9489,relationship-and-family-issues
13289,depression
13709,anxiety
22581,relationship-and-family-issues
8586,depression
5013,relationship-and-family-issues
10946,anxiety
416,relationship-and-family-issues
3493,relationship-and-family-issues
23165,depression
23891,depression
2204,depression
786,relationship-and-family-issues
13932,anxiety
6937,suicidal-thoughts-and-self-harm
15917,ptsd-and-trauma
12893,anxiety
20673,relationship-and-family-issues
5065,anxiety
7261,relationship-and-family-issues
23739,ptsd-and-trauma
9703,depression
6438,depression
15060,depression
4701,depression
4478,relationship-and-family-issues
7075,depression
3702,depression
6696,relationship-and-family-issues
1871,relationship-and-family-issues
8592,depression
19722,relationship-and-family-issues
7818,anxiety
5152,suicidal-thoughts-and-self-harm
23078,ptsd-and-trauma
21874,depression
16240,depression
4549,anxiety
11813,depression
17366,relationship-and-family-issues
6952,depression
1815,ptsd-and-trauma
22550,suicidal-thoughts-and-self-harm
8979,ptsd-and-trauma
21688,relationship-and-family-issues
9056,anxiety
1834,relationship-and-family-issues
23948,depression
14825,depression
7713,depression
17249,relationship-and-family-issues
3877,ptsd-and-trauma
14384,depression
21344,anxiety
22435,depression
16125,relationship-and-family-issues
4226,relationship-and-family-issues
21455,depression
9331,relationship-and-family-issues
994,anxiety
16562,ptsd-and-trauma
3911,depression
8886,depression
15438,relationship-and-family-issues
20010,relationship-and-family-issues
11172,depression
20341,anxiety
12127,depression
8229,depression
4461,relationship-and-family-issues
10142,relationship-and-family-issues
19401,relationship-and-family-issues
6503,relationship-and-family-issues
24343,anxiety
693,depression
18299,relationship-and-family-issues
1712,relationship-and-family-issues
5547,depression
18907,depression
2684,anxiety
21108,anxiety
1757,anxiety
20479,anxiety
16059,relationship-and-family-issues
5615,relationship-and-family-issues
23666,depression
19434,relationship-and-family-issues
22264,depression
5229,ptsd-and-trauma
1827,depression
12472,anxiety
3451,relationship-and-family-issues
13336,anxiety
188,depression
13129,relationship-and-family-issues
7487,ptsd-and-trauma
13859,depression
4786,ptsd-and-trauma
5509,depression
12125,depression
23930,anxiety
561,relationship-and-family-issues
7643,relationship-and-family-issues
14453,anxiety
6528,relationship-and-family-issues
9222,relationship-and-family-issues
14110,anxiety
24463,relationship-and-family-issues
12340,depression
277,ptsd-and-trauma
5473,anxiety
2812,relationship-and-family-issues
9780,anxiety
6473,depression
21467,depression
8716,depression
11976,relationship-and-family-issues
5893,relationship-and-family-issues
4368,anxiety
5951,relationship-and-family-issues
13767,ptsd-and-trauma
8157,depression
17909,ptsd-and-trauma
24470,anxiety
14927,ptsd-and-trauma
4567,anxiety
8900,relationship-and-family-issues
3285,depression
3102,depression
11085,anxiety
4042,ptsd-and-trauma
23323,anxiety
3210,relationship-and-family-issues
19156,relationship-and-family-issues
5992,anxiety
15999,relationship-and-family-issues
19737,anxiety
17319,relationship-and-family-issues
14219,depression
10683,relationship-and-family-issues
21092,anxiety
4951,ptsd-and-trauma
12973,depression
3698,ptsd-and-trauma
9084,relationship-and-family-issues
22043,relationship-and-family-issues
17339,depression
14907,anxiety
12234,relationship-and-family-issues
403,relationship-and-family-issues
3684,depression
24224,relationship-and-family-issues
14557,relationship-and-family-issues
15340,depression
19324,relationship-and-family-issues
18232,relationship-and-family-issues
6934,relationship-and-family-issues
3545,relationship-and-family-issues
21722,ptsd-and-trauma
16378,ptsd-and-trauma
18758,relationship-and-family-issues
20038,anxiety
18569,relationship-and-family-issues
12520,relationship-and-family-issues
10785,depression
16297,depression
16585,relationship-and-family-issues
11028,relationship-and-family-issues
6605,depression
8836,relationship-and-family-issues
16995,depression
15351,depression
12228,relationship-and-family-issues
17595,anxiety
2998,anxiety
4308,depression
17517,anxiety
22956,depression
7595,ptsd-and-trauma
6316,depression
16035,relationship-and-family-issues
9075,anxiety
17793,ptsd-and-trauma
24153,depression
17775,relationship-and-family-issues
17310,relationship-and-family-issues
3774,depression
7875,relationship-and-family-issues
18497,ptsd-and-trauma
15708,depression
17632,anxiety
12726,anxiety
17464,depression
11684,ptsd-and-trauma
9302,depression
12669,suicidal-thoughts-and-self-harm
21607,anxiety
8108,anxiety
19799,anxiety
7988,relationship-and-family-issues
5843,ptsd-and-trauma
2202,relationship-and-family-issues
4302,relationship-and-family-issues
11145,depression
10948,ptsd-and-trauma
1308,depression
7223,relationship-and-family-issues
7705,anxiety
20477,anxiety
21654,suicidal-thoughts-and-self-harm
22289,relationship-and-family-issues
9307,relationship-and-family-issues
9685,anxiety
7712,relationship-and-family-issues
23835,relationship-and-family-issues
4731,relationship-and-family-issues
6634,ptsd-and-trauma
6049,relationship-and-family-issues
18554,relationship-and-family-issues
8271,ptsd-and-trauma
5005,relationship-and-family-issues
24196,anxiety
23338,relationship-and-family-issues
16880,relationship-and-family-issues
22395,anxiety
18740,ptsd-and-trauma
10597,depression
7352,anxiety
23773,relationship-and-family-issues
10847,depression
5618,depression
20844,relationship-and-family-issues
12455,anxiety
16189,depression
912,depression
11697,relationship-and-family-issues
11597,suicidal-thoughts-and-self-harm
635,depression
18384,relationship-and-family-issues
2664,relationship-and-family-issues
11204,relationship-and-family-issues
10330,relationship-and-family-issues
3133,relationship-and-family-issues
2367,depression
15144,depression
6107,depression
21843,anxiety
19967,ptsd-and-trauma
13724,depression
17026,relationship-and-family-issues
23640,anxiety
12877,relationship-and-family-issues
2744,relationship-and-family-issues
9119,relationship-and-family-issues
12754,ptsd-and-trauma
2610,relationship-and-family-issues
3924,depression
17192,depression
21637,relationship-and-family-issues
16576,ptsd-and-trauma
24323,ptsd-and-trauma
925,anxiety
18535,relationship-and-family-issues
4170,depression
4236,depression
18433,depression
15668,anxiety
3141,depression
22378,depression
12279,depression
18084,anxiety
3056,relationship-and-family-issues
1371,ptsd-and-trauma
19789,depression
18277,depression
12038,anxiety
13049,anxiety
8563,anxiety
16307,anxiety
4081,anxiety
7115,relationship-and-family-issues
21628,relationship-and-family-issues
9845,depression
4949,relationship-and-family-issues
14533,depression
4109,anxiety
11979,relationship-and-family-issues
15958,relationship-and-family-issues
12092,relationship-and-family-issues
14738,depression
15165,ptsd-and-trauma
13818,anxiety
16563,depression
4272,ptsd-and-trauma
14809,relationship-and-family-issues
20811,relationship-and-family-issues
11637,depression
6801,suicidal-thoughts-and-self-harm
11711,anxiety
3900,relationship-and-family-issues
3309,anxiety
19965,relationship-and-family-issues
65,depression
16206,anxiety
15059,anxiety
2927,depression
22309,ptsd-and-trauma
15362,suicidal-thoughts-and-self-harm
2132,relationship-and-family-issues
5416,relationship-and-family-issues
24313,anxiety
3699,ptsd-and-trauma
23137,suicidal-thoughts-and-self-harm
21691,anxiety
23094,anxiety
5929,depression
18275,anxiety
9297,ptsd-and-trauma
10332,depression
9515,anxiety
11206,anxiety
7049,anxiety
14226,depression
15010,relationship-and-family-issues
2081,relationship-and-family-issues
14218,depression
18481,depression
18549,depression
1755,ptsd-and-trauma
57,depression
20970,ptsd-and-trauma
12084,relationship-and-family-issues
21525,anxiety
5040,relationship-and-family-issues
9938,anxiety
7151,depression
